06/09/2025;Ultra trail du vercors;48k / 80k solo ou équipe de 4;https://www.ultratrailvercors.com/
20/09/2025;ALEFPA Trail;"6 / 13 / 22 / 32 / 53";https://alefpatrail.com/concept/
27/09/2025;Utmb Nice;50k/100k/160k;https://nice.utmb.world/fr
28/09/2025;Trail estival du Sancy;10 / 18 / 33 / 61;Trails du Sancy Oxsitis GR Invest
28/09/2025;Trail Aiguilles Rouges;52k/16k/9k;http://www.aiguillesrouges.fr/en
16/10/2025;Grand Raid de la Réunion;50 / 70 / 109 / 151 / 170;https://www.grandraid-reunion.com/fr/
16-19/10/2025;Les Templiers;100/80/62/48/34/36/28/23/17/12/8;https://www.festivaldestempliers.com/sinscrire/
18/10/2025;24h de royan;12 h /24h /48 h;https://www.48hderoyan.fr/
26/10/2025;Marathon Vert de Rennes;42,195 km;https://www.lemarathonvert.org/
25-26/10/25;Festival des hospitaliers;75 km;https://www.festival-des-hospitaliers.com/
30/11/2025;"Marathon 
La Rochelle";42,195 km;
30/11/2025;Trail de la Rose;9, 18, 27, 42 km;https://trail-de-la-rose-2025.onsinscrit.com/accueil.php
6-7/12/2025;Hivernale des Templiers;11,4-12,9-16,8-26-35-65,95 km;https://www.hivernaledestempliers.com
13-14/12/2025;Trail du loup blanc;16/25/30/53;https://trailduloupblanc.fr/
11/01/2026;Hivernale du Sancy;23/33;https://orga.xttr63.com/organisations/trail-hivernal-sancy-mont-dore/presentation-trail-hivernal
11/01/2026;Trail Hivernal Les Mathes;25/50;
01/03/2026;Trail de Vulcain;13/27/48/77;https://www.trail-de-vulcain.fr/
27-29/03/2026;Grand Trail des Cadourques;"15 / 30 / 65 / 120
Rando 12";Grand Trail des Cadourques
04/04/2026;Ultra Trail de l'Ile d'Oléron;25 relais/50 relais/100;https://ut-oleron.fr/
11-12/04/2026;Trail du vignoble nantais;"12/18/24/45/75
2 defis 42 / 105";https://www.trailduvignoblenantais.fr/
12/04/2026;Marathon du futuroscope;42,195 km;
25/04/2026;Trail des Monédières;57km/ 22 ou 30 km;https://mmrt.fr
02/05/2026;Trail du Mourtis;48 et 16;https://www.traildumourtis.fr
02/05/2026;Ardèche Trail - La voie Romaine;20/41/60;https://ardeche-trail-la-voie-romaine.com/
09/05/2026;Grand Trail du Périgord;18/30/46/90 km;
15-17 mai;Raidlight festival trail;KV-24-27-33-46;https://raidlight-trailfestival.com/
23/24 mai 2026;Lozere Trail;100/52/27/25/12;https://www.lozeretrail.com
13/06/2026;Andorra trail;21-50-80-105;https://andorra.utmb.world/races
20-juin;Trail de la Grande Champagne;9/15/30/55/85;https://www.klikego.com/inscription/trail-de-la-grande-champagne-2026/running-course-a-pied/1666821547546-7
27-juin;Trail des balcons de Cauterets;11/20/47/80;
28-juin;Tour du lac de Vassivière;23,4 km;https://pyreneeschrono.fr/evenement/trail-des-balcons-de-cauterets/
1 au 6 Juillet;Val D'Aran;20k au 100M;https://vassiviere-tourdulac.km42enlimousin.fr/
3 au 5 juillet;Luchon Aneto Trail;10 à 85 kms;https://www.luchonanetotrail.fr
3 au 5 juillet;Grand Raid Guillestrois-Queyras;25/48/65/90/105/170;https://grandraidduguillestrois-queyras.com/
04-05/07/2025;La Montagn'hard;20/50/70/100;https://www.montagnhard.com/
17/07/2026;Monte Rosa Walserwaeg;120/82/43/15;https://mrww.utmb.world/fr/races
18/07/2026;Ultra tour du Beauforrain;110 km / 7600 D+;
13-16 Aout;Challenge du montcalm;KV/8/15/25/40/70/110;https://valdaran.utmb.world/fr/
21-23/08/2026;L'Echappée belle;42/63/96/152;https://www.lechappeebelledonne.com/
19-23/08/2026;Grand raid des Pyrénées;40/50/60/80/120/160;https://www.grandraidpyrenees.com/fr/
24/08/2026;Trace des ducs de Savoie;145 km;https://montblanc.utmb.world/fr/races/TDS
